IPK,Kehadiran,Jam_Belajar,Organisasi,Penghasilan_Ortu,Jenis_Kelamin,Status_Beasiswa,Lulus_Tepat_Waktu
2.75,66.0,12,Tidak,Sedang,Perempuan,Tidak,Tidak Tepat Waktu
3.9,58.0,24,Tidak,Sedang,Laki-laki,Tidak,Tepat Waktu
3.46,82.0,2,Tidak,Tinggi,Perempuan,Ya,Tepat Waktu
3.2,,15,Tidak,Rendah,Perempuan,Tidak,Tidak Tepat Waktu
2.31,62.0,6,Tidak,Sedang,Laki-laki,Tidak,Tidak Tepat Waktu
2.31,77.0,22,Ya,Sedang,Perempuan,Tidak,Tidak Tepat Waktu
2.12,97.0,27,Tidak,Sedang,Perempuan,Ya,Tepat Waktu
3.73,78.0,15,Ya,Sedang,Laki-laki,Tidak,Tepat Waktu
3.2,62.0,5,Tidak,Sedang,Perempuan,Tidak,Tidak Tepat Waktu
,95.0,23,Tidak,Tinggi,Laki-laki,Ya,Tepat Waktu
2.04,84.0,24,Tidak,Rendah,Perempuan,Ya,Tidak Tepat Waktu
3.94,55.0,26,Tidak,Rendah,Laki-laki,Tidak,Tepat Waktu
3.66,67.0,2,Ya,Sedang,Laki-laki,Tidak,Tidak Tepat Waktu
2.42,100.0,23,Ya,Sedang,Laki-laki,Tidak,Tepat Waktu
2.36,54.0,24,Ya,Rendah,Perempuan,Tidak,Tidak Tepat Waktu
2.37,96.0,20,Ya,Rendah,Laki-laki,Tidak,Tidak Tepat Waktu
2.61,74.0,9,Tidak,Rendah,Laki-laki,Tidak,Tidak Tepat Waktu
3.05,51.0,16,Ya,Tinggi,Laki-laki,Ya,Tidak Tepat Waktu
2.86,59.0,22,Ya,Rendah,Laki-laki,Tidak,Tidak Tepat Waktu
2.58,79.0,16,Tidak,Sedang,Laki-laki,Tidak,Tidak Tepat Waktu
3.22,99.0,10,Tidak,Rendah,Perempuan,Tidak,Tepat Waktu
2.28,94.0,22,Tidak,Sedang,Perempuan,Tidak,Tidak Tepat Waktu
2.58,54.0,10,Tidak,Rendah,Perempuan,Tidak,Tidak Tepat Waktu
2.73,82.0,11,Ya,Sedang,Perempuan,Ya,Tidak Tepat Waktu
2.91,50.0,21,Ya,Rendah,Perempuan,Tidak,Tidak Tepat Waktu
3.57,67.0,26,Tidak,Tinggi,Perempuan,Ya,Tepat Waktu
2.4,81.0,22,Tidak,Rendah,Perempuan,Tidak,Tidak Tepat Waktu
3.03,96.0,27,Ya,Sedang,Laki-laki,Ya,Tepat Waktu
3.18,98.0,10,Tidak,Tinggi,Perempuan,Ya,Tepat Waktu
2.09,60.0,4,Ya,Sedang,Laki-laki,Tidak,Tidak Tepat Waktu
3.22,70.0,21,Ya,Sedang,Laki-laki,Tidak,Tidak Tepat Waktu
2.34,,26,Tidak,Sedang,Perempuan,Tidak,Tidak Tepat Waktu
2.13,,27,Tidak,Sedang,Laki-laki,Tidak,Tidak Tepat Waktu
3.9,71.0,12,Tidak,Sedang,Laki-laki,Ya,Tepat Waktu
3.93,76.0,7,Ya,Tinggi,Laki-laki,Ya,Tidak Tepat Waktu
3.62,98.0,3,Tidak,Sedang,Laki-laki,Tidak,Tepat Waktu
2.61,62.0,8,Ya,Sedang,Perempuan,Tidak,Tidak Tepat Waktu
2.2,82.0,19,Ya,Sedang,Perempuan,Tidak,Tidak Tepat Waktu
3.37,83.0,28,Tidak,Sedang,Perempuan,Tidak,Tidak Tepat Waktu
2.88,90.0,3,Tidak,Rendah,Perempuan,Tidak,Tidak Tepat Waktu
2.24,84.0,28,Tidak,Sedang,Perempuan,Tidak,Tidak Tepat Waktu
2.99,50.0,18,Tidak,Tinggi,Perempuan,Tidak,Tidak Tepat Waktu
2.07,70.0,12,Tidak,Rendah,Perempuan,Tidak,Tidak Tepat Waktu
3.82,97.0,28,Tidak,Sedang,Perempuan,Tidak,Tepat Waktu
2.52,55.0,13,Ya,Rendah,Perempuan,Tidak,Tidak Tepat Waktu
3.33,77.0,28,Tidak,Sedang,Perempuan,Tidak,Tepat Waktu
2.62,66.0,20,Ya,Rendah,Laki-laki,Tidak,Tidak Tepat Waktu
3.04,54.0,23,Ya,Sedang,Perempuan,Tidak,Tidak Tepat Waktu
3.09,80.0,25,Tidak,Sedang,Laki-laki,Tidak,Tidak Tepat Waktu
2.37,54.0,26,Tidak,Sedang,Laki-laki,Tidak,Tidak Tepat Waktu
3.94,87.0,8,Ya,Sedang,Laki-laki,Tidak,Tepat Waktu
3.55,52.0,21,Ya,Sedang,Laki-laki,Tidak,Tidak Tepat Waktu
3.88,72.0,7,Tidak,Tinggi,Perempuan,Tidak,Tepat Waktu
3.79,86.0,22,Ya,Rendah,Laki-laki,Tidak,Tepat Waktu
3.2,86.0,25,Tidak,Sedang,Perempuan,Tidak,Tidak Tepat Waktu
3.84,59.0,2,Tidak,Rendah,Perempuan,Tidak,Tidak Tepat Waktu
2.18,59.0,18,Tidak,Tinggi,Laki-laki,Tidak,Tidak Tepat Waktu
2.39,68.0,30,Tidak,Tinggi,Perempuan,Tidak,Tidak Tepat Waktu
2.09,66.0,12,Tidak,Sedang,Laki-laki,Tidak,Tidak Tepat Waktu
2.65,70.0,23,Ya,Tinggi,Laki-laki,Ya,Tidak Tepat Waktu
2.78,63.0,27,Tidak,Sedang,Perempuan,Tidak,Tidak Tepat Waktu
2.54,58.0,29,Tidak,Sedang,Perempuan,Ya,Tidak Tepat Waktu
3.66,95.0,19,Ya,Rendah,Laki-laki,Tidak,Tepat Waktu
2.71,50.0,22,Tidak,Sedang,Perempuan,Tidak,Tidak Tepat Waktu
2.56,100.0,18,Tidak,Rendah,Perempuan,Ya,Tidak Tepat Waktu
3.09,94.0,8,Tidak,Tinggi,Perempuan,Ya,Tepat Waktu
2.28,62.0,18,Tidak,Sedang,Laki-laki,Tidak,Tidak Tepat Waktu
3.6,53.0,21,Tidak,Sedang,Laki-laki,Tidak,Tidak Tepat Waktu
,50.0,10,Tidak,Rendah,Perempuan,Tidak,Tidak Tepat Waktu
3.97,98.0,18,Tidak,Sedang,Perempuan,Ya,Tepat Waktu
3.54,89.0,21,Tidak,Rendah,Perempuan,Tidak,Tepat Waktu
2.4,81.0,23,Tidak,Sedang,Perempuan,Tidak,Tidak Tepat Waktu
2.01,83.0,23,Tidak,Rendah,Perempuan,Tidak,Tidak Tepat Waktu
,77.0,29,Tidak,Tinggi,Laki-laki,Tidak,Tepat Waktu
3.41,80.0,30,Ya,Sedang,Perempuan,Tidak,Tepat Waktu
3.46,57.0,9,Tidak,Sedang,Laki-laki,Ya,Tidak Tepat Waktu
3.54,88.0,18,Tidak,Sedang,Perempuan,Tidak,Tepat Waktu
2.15,75.0,8,Ya,Sedang,Laki-laki,Tidak,Tidak Tepat Waktu
2.72,83.0,2,Tidak,Sedang,Perempuan,Tidak,Tidak Tepat Waktu
2.23,52.0,14,Ya,Sedang,Laki-laki,Ya,Tidak Tepat Waktu
3.73,99.0,24,Ya,Tinggi,Perempuan,Tidak,Tepat Waktu
3.25,,20,Tidak,Sedang,Laki-laki,Ya,Tidak Tepat Waktu
2.66,50.0,28,Ya,Tinggi,Laki-laki,Tidak,Tidak Tepat Waktu
2.13,93.0,25,Tidak,Tinggi,Laki-laki,Tidak,Tidak Tepat Waktu
,54.0,20,Tidak,Rendah,Laki-laki,Tidak,Tidak Tepat Waktu
2.65,79.0,30,Tidak,Tinggi,Laki-laki,Ya,Tepat Waktu
3.46,79.0,18,Ya,Rendah,Laki-laki,Ya,Tepat Waktu
3.28,66.0,14,Ya,Tinggi,Perempuan,Tidak,Tidak Tepat Waktu
3.77,97.0,30,Tidak,Sedang,Laki-laki,Ya,Tepat Waktu
2.94,96.0,17,Tidak,Tinggi,Perempuan,Ya,Tepat Waktu
2.24,72.0,9,Tidak,Tinggi,Perempuan,Tidak,Tidak Tepat Waktu
3.43,64.0,20,Ya,Tinggi,Perempuan,Tidak,Tepat Waktu
3.52,86.0,19,Tidak,Sedang,Perempuan,Tidak,Tepat Waktu
3.12,70.0,2,Tidak,Sedang,Perempuan,Tidak,Tidak Tepat Waktu
3.54,63.0,15,Tidak,Rendah,Laki-laki,Ya,Tepat Waktu
2.99,51.0,20,Ya,Sedang,Laki-laki,Tidak,Tidak Tepat Waktu
3.05,60.0,16,Tidak,Rendah,Laki-laki,Tidak,Tidak Tepat Waktu
2.86,100.0,19,Tidak,Sedang,Perempuan,Tidak,Tidak Tepat Waktu
2.05,88.0,3,Tidak,Sedang,Laki-laki,Tidak,Tidak Tepat Waktu
2.22,87.0,23,Ya,Tinggi,Laki-laki,Tidak,Tidak Tepat Waktu
2.06,83.0,29,Tidak,Sedang,Laki-laki,Tidak,Tidak Tepat Waktu
3.27,87.0,18,Tidak,Tinggi,Laki-laki,Tidak,Tepat Waktu
2.63,99.0,19,Ya,Rendah,Laki-laki,Tidak,Tepat Waktu
3.02,83.0,7,Tidak,Tinggi,Perempuan,Tidak,Tepat Waktu
,67.0,20,Tidak,Tinggi,Laki-laki,Tidak,Tepat Waktu
2.5,,5,Ya,Sedang,Perempuan,Tidak,Tidak Tepat Waktu
2.82,64.0,2,Ya,Sedang,Perempuan,Tidak,Tidak Tepat Waktu
3.51,76.0,9,Tidak,Sedang,Perempuan,Ya,Tidak Tepat Waktu
2.46,100.0,30,Ya,Rendah,Perempuan,Tidak,Tepat Waktu
2.15,83.0,24,Tidak,Sedang,Perempuan,Tidak,Tidak Tepat Waktu
2.58,87.0,8,Ya,Sedang,Laki-laki,Tidak,Tidak Tepat Waktu
2.32,82.0,4,Tidak,Rendah,Laki-laki,Tidak,Tidak Tepat Waktu
3.86,73.0,11,Ya,Sedang,Laki-laki,Tidak,Tidak Tepat Waktu
3.62,64.0,11,Tidak,Rendah,Perempuan,Tidak,Tidak Tepat Waktu
3.27,79.0,20,Tidak,Rendah,Laki-laki,Tidak,Tepat Waktu
3.74,91.0,15,Tidak,Rendah,Laki-laki,Ya,Tepat Waktu
3.61,100.0,3,Tidak,Tinggi,Perempuan,Ya,Tepat Waktu
2.37,66.0,29,Ya,Sedang,Perempuan,Tidak,Tidak Tepat Waktu
3.79,54.0,2,Tidak,Tinggi,Perempuan,Tidak,Tidak Tepat Waktu
3.08,,24,Ya,Sedang,Perempuan,Tidak,Tidak Tepat Waktu
3.61,53.0,24,Ya,Sedang,Laki-laki,Tidak,Tepat Waktu
3.79,59.0,29,Ya,Sedang,Perempuan,Tidak,Tepat Waktu
2.64,66.0,19,Tidak,Sedang,Perempuan,Tidak,Tidak Tepat Waktu
2.22,59.0,8,Tidak,Rendah,Laki-laki,Ya,Tidak Tepat Waktu
,66.0,30,Tidak,Sedang,Laki-laki,Tidak,Tidak Tepat Waktu
2.85,69.0,9,Tidak,Rendah,Perempuan,Tidak,Tidak Tepat Waktu
3.64,73.0,2,Ya,Sedang,Laki-laki,Tidak,Tidak Tepat Waktu
3.72,54.0,26,Tidak,Sedang,Perempuan,Tidak,Tidak Tepat Waktu
2.01,83.0,24,Tidak,Rendah,Perempuan,Tidak,Tidak Tepat Waktu
3.02,55.0,4,Tidak,Rendah,Laki-laki,Tidak,Tidak Tepat Waktu
2.83,,25,Ya,Sedang,Laki-laki,Tidak,Tidak Tepat Waktu
2.44,62.0,24,Tidak,Sedang,Perempuan,Tidak,Tidak Tepat Waktu
2.24,92.0,28,Tidak,Rendah,Perempuan,Tidak,Tidak Tepat Waktu
2.68,92.0,30,Ya,Tinggi,Perempuan,Ya,Tidak Tepat Waktu
3.89,97.0,9,Ya,Rendah,Laki-laki,Tidak,Tepat Waktu
2.65,60.0,23,Tidak,Sedang,Perempuan,Ya,Tidak Tepat Waktu
3.04,,26,Tidak,Tinggi,Perempuan,Tidak,Tepat Waktu
3.41,96.0,16,Ya,Rendah,Perempuan,Tidak,Tepat Waktu
2.73,72.0,6,Tidak,Rendah,Perempuan,Ya,Tidak Tepat Waktu
3.94,65.0,4,Ya,Rendah,Perempuan,Tidak,Tepat Waktu
3.92,80.0,20,Tidak,Sedang,Laki-laki,Tidak,Tepat Waktu
2.5,60.0,2,Tidak,Rendah,Perempuan,Tidak,Tidak Tepat Waktu
2.99,65.0,29,Tidak,Sedang,Perempuan,Tidak,Tidak Tepat Waktu
2.6,57.0,16,Tidak,Rendah,Perempuan,Tidak,Tidak Tepat Waktu
2.57,53.0,9,Ya,Sedang,Perempuan,Ya,Tidak Tepat Waktu
2.07,89.0,3,Ya,Tinggi,Laki-laki,Tidak,Tidak Tepat Waktu
3.22,53.0,4,Tidak,Tinggi,Laki-laki,Ya,Tidak Tepat Waktu
3.01,74.0,25,Tidak,Sedang,Laki-laki,Tidak,Tidak Tepat Waktu
2.1,52.0,15,Tidak,Sedang,Perempuan,Tidak,Tidak Tepat Waktu
2.56,81.0,25,Ya,Sedang,Perempuan,Tidak,Tepat Waktu
3.82,52.0,15,Ya,Sedang,Laki-laki,Tidak,Tidak Tepat Waktu
2.48,76.0,12,Ya,Sedang,Laki-laki,Ya,Tidak Tepat Waktu
2.29,78.0,17,Tidak,Rendah,Laki-laki,Tidak,Tidak Tepat Waktu
2.98,81.0,5,Ya,Tinggi,Perempuan,Tidak,Tidak Tepat Waktu
3.97,99.0,21,Tidak,Sedang,Perempuan,Tidak,Tepat Waktu
,100.0,6,Tidak,Rendah,Laki-laki,Tidak,Tidak Tepat Waktu
3.34,68.0,23,Tidak,Sedang,Laki-laki,Tidak,Tidak Tepat Waktu
3.52,70.0,22,Ya,Sedang,Laki-laki,Tidak,Tidak Tepat Waktu
2.48,54.0,15,Tidak,Tinggi,Perempuan,Tidak,Tidak Tepat Waktu
3.46,67.0,24,Tidak,Sedang,Perempuan,Ya,Tepat Waktu
2.74,77.0,17,Tidak,Sedang,Perempuan,Tidak,Tidak Tepat Waktu
3.26,91.0,19,Tidak,Rendah,Laki-laki,Tidak,Tepat Waktu
3.27,71.0,8,Tidak,Sedang,Laki-laki,Tidak,Tidak Tepat Waktu
3.07,70.0,11,Tidak,Sedang,Perempuan,Tidak,Tidak Tepat Waktu
2.18,55.0,8,Ya,Rendah,Laki-laki,Tidak,Tidak Tepat Waktu
3.67,50.0,2,Ya,Rendah,Perempuan,Tidak,Tidak Tepat Waktu
2.64,54.0,24,Tidak,Sedang,Laki-laki,Tidak,Tidak Tepat Waktu
2.37,90.0,22,Tidak,Rendah,Laki-laki,Tidak,Tidak Tepat Waktu
2.08,61.0,20,Tidak,Sedang,Laki-laki,Tidak,Tidak Tepat Waktu
3.18,75.0,17,Tidak,Rendah,Laki-laki,Tidak,Tepat Waktu
3.36,95.0,30,Ya,Rendah,Perempuan,Tidak,Tepat Waktu
2.03,83.0,20,Ya,Rendah,Laki-laki,Tidak,Tidak Tepat Waktu
3.02,98.0,5,Tidak,Tinggi,Perempuan,Ya,Tidak Tepat Waktu
2.45,63.0,30,Tidak,Tinggi,Perempuan,Ya,Tidak Tepat Waktu
3.29,75.0,29,Ya,Tinggi,Perempuan,Tidak,Tepat Waktu
2.35,94.0,19,Tidak,Sedang,Laki-laki,Tidak,Tidak Tepat Waktu
3.38,76.0,3,Ya,Rendah,Perempuan,Tidak,Tidak Tepat Waktu
2.77,58.0,2,Tidak,Sedang,Perempuan,Tidak,Tidak Tepat Waktu
3.87,75.0,16,Ya,Sedang,Perempuan,Ya,Tepat Waktu
2.28,96.0,6,Tidak,Tinggi,Laki-laki,Tidak,Tidak Tepat Waktu
2.68,71.0,21,Ya,Rendah,Laki-laki,Tidak,Tidak Tepat Waktu
2.23,96.0,12,Tidak,Sedang,Perempuan,Tidak,Tidak Tepat Waktu
3.85,79.0,11,Ya,Rendah,Laki-laki,Tidak,Tepat Waktu
3.75,92.0,3,Ya,Sedang,Perempuan,Tidak,Tepat Waktu
2.52,97.0,4,Ya,Sedang,Perempuan,Ya,Tidak Tepat Waktu
3.32,66.0,24,Tidak,Sedang,Laki-laki,Tidak,Tepat Waktu
3.63,75.0,24,Tidak,Sedang,Perempuan,Tidak,Tepat Waktu
3.11,,13,Ya,Sedang,Laki-laki,Tidak,Tepat Waktu
3.06,50.0,21,Tidak,Sedang,Laki-laki,Tidak,Tidak Tepat Waktu
2.48,57.0,6,Tidak,Sedang,Perempuan,Ya,Tidak Tepat Waktu
2.19,98.0,6,Tidak,Tinggi,Laki-laki,Tidak,Tidak Tepat Waktu
3.79,84.0,7,Ya,Tinggi,Laki-laki,Tidak,Tepat Waktu
3.8,64.0,10,Tidak,Sedang,Perempuan,Tidak,Tidak Tepat Waktu
3.27,96.0,3,Ya,Sedang,Perempuan,Tidak,Tidak Tepat Waktu
,71.0,22,Ya,Sedang,Laki-laki,Ya,Tidak Tepat Waktu
2.7,63.0,13,Tidak,Sedang,Laki-laki,Tidak,Tidak Tepat Waktu
3.45,75.0,4,Ya,Rendah,Perempuan,Ya,Tidak Tepat Waktu
3.79,77.0,21,Tidak,Tinggi,Laki-laki,Tidak,Tepat Waktu
3.77,72.0,27,Tidak,Rendah,Laki-laki,Tidak,Tepat Waktu
3.56,63.0,23,Tidak,Tinggi,Laki-laki,Tidak,Tidak Tepat Waktu
3.28,73.0,13,Tidak,Sedang,Laki-laki,Tidak,Tepat Waktu
2.17,51.0,25,Ya,Sedang,Laki-laki,Ya,Tidak Tepat Waktu
2.32,94.0,18,Ya,Sedang,Laki-laki,Tidak,Tidak Tepat Waktu
3.8,75.0,11,Tidak,Tinggi,Laki-laki,Tidak,Tepat Waktu
3.21,63.0,25,Ya,Sedang,Perempuan,Tidak,Tidak Tepat Waktu
2.02,100.0,28,Ya,Sedang,Perempuan,Ya,Tidak Tepat Waktu
2.2,56.0,15,Ya,Rendah,Perempuan,Tidak,Tidak Tepat Waktu
3.33,52.0,24,Ya,Sedang,Perempuan,Tidak,Tidak Tepat Waktu
2.01,96.0,18,Ya,Rendah,Perempuan,Tidak,Tidak Tepat Waktu
2.32,72.0,19,Ya,Sedang,Laki-laki,Tidak,Tidak Tepat Waktu
3.1,95.0,20,Tidak,Sedang,Laki-laki,Tidak,Tepat Waktu
3.38,92.0,18,Tidak,Sedang,Laki-laki,Tidak,Tepat Waktu
3.3,96.0,15,Tidak,Rendah,Laki-laki,Ya,Tepat Waktu
2.45,94.0,10,Ya,Rendah,Perempuan,Tidak,Tidak Tepat Waktu
3.42,67.0,9,Ya,Sedang,Laki-laki,Ya,Tidak Tepat Waktu
2.47,87.0,3,Ya,Rendah,Laki-laki,Tidak,Tidak Tepat Waktu
2.65,84.0,14,Tidak,Rendah,Perempuan,Tidak,Tidak Tepat Waktu
3.49,100.0,26,Tidak,Rendah,Laki-laki,Ya,Tepat Waktu
3.3,64.0,8,Ya,Tinggi,Laki-laki,Tidak,Tidak Tepat Waktu
3.7,74.0,10,Tidak,Sedang,Perempuan,Ya,Tidak Tepat Waktu
3.32,86.0,23,Ya,Sedang,Laki-laki,Tidak,Tepat Waktu
3.14,77.0,23,Tidak,Rendah,Laki-laki,Tidak,Tepat Waktu
2.19,,12,Tidak,Sedang,Laki-laki,Ya,Tidak Tepat Waktu
2.74,88.0,15,Tidak,Sedang,Laki-laki,Tidak,Tidak Tepat Waktu
2.53,66.0,5,Tidak,Sedang,Laki-laki,Tidak,Tidak Tepat Waktu
2.49,88.0,27,Tidak,Rendah,Perempuan,Tidak,Tidak Tepat Waktu
3.95,71.0,27,Ya,Rendah,Perempuan,Ya,Tepat Waktu
2.79,75.0,30,Tidak,Rendah,Perempuan,Tidak,Tidak Tepat Waktu
3.78,93.0,14,Ya,Sedang,Perempuan,Tidak,Tepat Waktu
3.26,74.0,3,Tidak,Sedang,Perempuan,Tidak,Tidak Tepat Waktu
3.59,66.0,24,Tidak,Rendah,Perempuan,Ya,Tidak Tepat Waktu
3.01,62.0,6,Tidak,Rendah,Laki-laki,Ya,Tidak Tepat Waktu
3.15,69.0,12,Tidak,Rendah,Perempuan,Tidak,Tidak Tepat Waktu
2.99,74.0,7,Tidak,Tinggi,Perempuan,Tidak,Tidak Tepat Waktu
2.39,53.0,19,Tidak,Rendah,Laki-laki,Ya,Tidak Tepat Waktu
3.44,59.0,22,Tidak,Sedang,Laki-laki,Tidak,Tepat Waktu
2.56,52.0,11,Ya,Sedang,Perempuan,Tidak,Tidak Tepat Waktu
2.05,90.0,5,Ya,Sedang,Laki-laki,Tidak,Tidak Tepat Waktu
3.29,94.0,10,Ya,Rendah,Perempuan,Tidak,Tepat Waktu
2.35,67.0,7,Ya,Rendah,Laki-laki,Tidak,Tidak Tepat Waktu
3.88,96.0,3,Tidak,Sedang,Perempuan,Tidak,Tepat Waktu
3.91,,18,Ya,Sedang,Laki-laki,Tidak,Tepat Waktu
3.83,96.0,6,Tidak,Sedang,Laki-laki,Ya,Tepat Waktu
2.74,71.0,26,Ya,Sedang,Perempuan,Tidak,Tidak Tepat Waktu
2.03,83.0,7,Ya,Rendah,Perempuan,Tidak,Tidak Tepat Waktu
3.86,96.0,27,Tidak,Tinggi,Perempuan,Tidak,Tepat Waktu
2.86,57.0,13,Tidak,Sedang,Perempuan,Tidak,Tidak Tepat Waktu
3.93,89.0,24,Tidak,Rendah,Perempuan,Tidak,Tepat Waktu
3.93,98.0,22,Tidak,Tinggi,Laki-laki,Ya,Tepat Waktu
3.71,93.0,11,Tidak,Sedang,Perempuan,Tidak,Tepat Waktu
2.59,68.0,23,Ya,Sedang,Perempuan,Tidak,Tidak Tepat Waktu
2.77,91.0,22,Tidak,Sedang,Laki-laki,Tidak,Tepat Waktu
3.7,90.0,28,Tidak,Tinggi,Laki-laki,Tidak,Tepat Waktu
2.63,86.0,26,Tidak,Sedang,Perempuan,Tidak,Tidak Tepat Waktu
2.34,55.0,7,Ya,Rendah,Laki-laki,Ya,Tidak Tepat Waktu
3.11,75.0,28,Tidak,Sedang,Laki-laki,Tidak,Tepat Waktu
3.87,83.0,9,Ya,Tinggi,Perempuan,Ya,Tepat Waktu
3.39,94.0,3,Ya,Rendah,Laki-laki,Tidak,Tepat Waktu
3.14,55.0,13,Ya,Sedang,Laki-laki,Tidak,Tidak Tepat Waktu
2.19,86.0,14,Tidak,Sedang,Perempuan,Tidak,Tidak Tepat Waktu
3.23,82.0,26,Tidak,Sedang,Perempuan,Tidak,Tepat Waktu
3.98,71.0,22,Tidak,Sedang,Laki-laki,Tidak,Tepat Waktu
2.28,70.0,8,Tidak,Tinggi,Laki-laki,Ya,Tidak Tepat Waktu
3.04,55.0,11,Tidak,Rendah,Perempuan,Tidak,Tidak Tepat Waktu
3.75,55.0,14,Ya,Rendah,Laki-laki,Tidak,Tidak Tepat Waktu
3.48,97.0,18,Ya,Rendah,Laki-laki,Tidak,Tepat Waktu
3.39,53.0,27,Tidak,Tinggi,Laki-laki,Tidak,Tidak Tepat Waktu
3.4,79.0,22,Ya,Sedang,Perempuan,Ya,Tepat Waktu
2.72,60.0,29,Tidak,Rendah,Laki-laki,Tidak,Tidak Tepat Waktu
2.59,79.0,27,Tidak,Tinggi,Laki-laki,Ya,Tidak Tepat Waktu
3.62,80.0,15,Tidak,Tinggi,Perempuan,Tidak,Tepat Waktu
3.62,73.0,3,Tidak,Tinggi,Laki-laki,Tidak,Tidak Tepat Waktu
3.73,58.0,29,Tidak,Tinggi,Laki-laki,Ya,Tepat Waktu
3.83,52.0,23,Tidak,Rendah,Perempuan,Tidak,Tepat Waktu
3.02,100.0,12,Tidak,Sedang,Perempuan,Ya,Tidak Tepat Waktu
3.0,80.0,2,Tidak,Sedang,Perempuan,Tidak,Tidak Tepat Waktu
3.6,89.0,20,Ya,Tinggi,Perempuan,Tidak,Tepat Waktu
3.3,86.0,22,Tidak,Sedang,Laki-laki,Ya,Tepat Waktu
3.4,85.0,5,Tidak,Sedang,Laki-laki,Tidak,Tepat Waktu
3.59,73.0,20,Ya,Sedang,Perempuan,Ya,Tepat Waktu
3.78,80.0,27,Tidak,Rendah,Perempuan,Ya,Tepat Waktu
2.68,55.0,30,Tidak,Sedang,Laki-laki,Tidak,Tidak Tepat Waktu
2.75,51.0,22,Tidak,Tinggi,Perempuan,Tidak,Tidak Tepat Waktu
2.19,69.0,12,Ya,Tinggi,Laki-laki,Ya,Tidak Tepat Waktu
3.16,77.0,9,Tidak,Rendah,Perempuan,Tidak,Tidak Tepat Waktu
2.07,60.0,12,Tidak,Rendah,Laki-laki,Tidak,Tidak Tepat Waktu
2.93,53.0,5,Ya,Rendah,Perempuan,Tidak,Tidak Tepat Waktu
3.09,64.0,18,Ya,Sedang,Perempuan,Tidak,Tidak Tepat Waktu
2.57,55.0,28,Tidak,Tinggi,Laki-laki,Tidak,Tidak Tepat Waktu
3.18,98.0,8,Ya,Rendah,Perempuan,Tidak,Tidak Tepat Waktu
2.06,79.0,9,Tidak,Sedang,Laki-laki,Tidak,Tidak Tepat Waktu
2.07,87.0,4,Tidak,Tinggi,Laki-laki,Tidak,Tidak Tepat Waktu
3.65,100.0,23,Ya,Sedang,Laki-laki,Tidak,Tepat Waktu
2.72,51.0,3,Tidak,Sedang,Laki-laki,Tidak,Tidak Tepat Waktu
2.25,64.0,24,Tidak,Sedang,Laki-laki,Ya,Tidak Tepat Waktu
3.04,60.0,16,Tidak,Sedang,Perempuan,Tidak,Tidak Tepat Waktu
3.54,57.0,25,Ya,Rendah,Perempuan,Tidak,Tepat Waktu
2.43,75.0,23,Tidak,Sedang,Laki-laki,Tidak,Tidak Tepat Waktu
3.25,100.0,23,Ya,Sedang,Perempuan,Tidak,Tepat Waktu
2.17,94.0,6,Ya,Tinggi,Laki-laki,Tidak,Tidak Tepat Waktu
2.1,93.0,25,Tidak,Sedang,Perempuan,Ya,Tidak Tepat Waktu
3.06,54.0,2,Ya,Sedang,Perempuan,Ya,Tidak Tepat Waktu
3.08,55.0,27,Tidak,Rendah,Perempuan,Tidak,Tidak Tepat Waktu
3.27,75.0,5,Ya,Sedang,Perempuan,Tidak,Tidak Tepat Waktu
3.45,53.0,16,Tidak,Rendah,Laki-laki,Tidak,Tidak Tepat Waktu
3.95,68.0,21,Ya,Rendah,Laki-laki,Tidak,Tepat Waktu
3.03,69.0,20,Tidak,Sedang,Perempuan,Tidak,Tidak Tepat Waktu
2.65,82.0,4,Tidak,Tinggi,Perempuan,Tidak,Tidak Tepat Waktu
3.59,69.0,21,Ya,Rendah,Laki-laki,Tidak,Tepat Waktu
2.54,98.0,12,Ya,Sedang,Perempuan,Ya,Tidak Tepat Waktu
2.88,61.0,18,Ya,Tinggi,Laki-laki,Tidak,Tidak Tepat Waktu
2.16,96.0,28,Tidak,Rendah,Laki-laki,Tidak,Tidak Tepat Waktu
2.05,50.0,14,Ya,Sedang,Laki-laki,Ya,Tidak Tepat Waktu
3.93,75.0,12,Tidak,Sedang,Perempuan,Tidak,Tepat Waktu
3.67,63.0,3,Tidak,Sedang,Laki-laki,Tidak,Tidak Tepat Waktu
3.39,87.0,10,Ya,Rendah,Perempuan,Tidak,Tepat Waktu
2.82,86.0,27,Tidak,Sedang,Laki-laki,Tidak,Tepat Waktu
2.35,60.0,3,Tidak,Sedang,Perempuan,Tidak,Tidak Tepat Waktu
2.31,85.0,22,Ya,Sedang,Perempuan,Ya,Tidak Tepat Waktu
2.5,62.0,10,Ya,Rendah,Perempuan,Tidak,Tidak Tepat Waktu
3.1,92.0,10,Ya,Sedang,Laki-laki,Tidak,Tidak Tepat Waktu
3.43,52.0,9,Tidak,Rendah,Laki-laki,Ya,Tidak Tepat Waktu
3.32,82.0,18,Tidak,Sedang,Perempuan,Tidak,Tepat Waktu
2.56,55.0,2,Tidak,Rendah,Perempuan,Tidak,Tidak Tepat Waktu
3.91,99.0,26,Tidak,Tinggi,Perempuan,Tidak,Tepat Waktu
3.48,59.0,30,Tidak,Sedang,Laki-laki,Tidak,Tepat Waktu
3.11,54.0,12,Tidak,Sedang,Laki-laki,Ya,Tidak Tepat Waktu
3.22,72.0,9,Tidak,Rendah,Laki-laki,Tidak,Tidak Tepat Waktu
2.84,59.0,11,Ya,Sedang,Laki-laki,Tidak,Tidak Tepat Waktu
2.5,93.0,26,Ya,Tinggi,Perempuan,Tidak,Tepat Waktu
2.71,51.0,8,Ya,Tinggi,Perempuan,Ya,Tidak Tepat Waktu
3.52,62.0,4,Ya,Sedang,Laki-laki,Tidak,Tidak Tepat Waktu
2.03,89.0,4,Tidak,Sedang,Laki-laki,Tidak,Tidak Tepat Waktu
2.23,51.0,19,Tidak,Sedang,Perempuan,Tidak,Tidak Tepat Waktu
2.09,69.0,6,Ya,Tinggi,Laki-laki,Ya,Tidak Tepat Waktu
2.08,50.0,13,Ya,Sedang,Laki-laki,Tidak,Tidak Tepat Waktu
3.71,86.0,13,Tidak,Sedang,Laki-laki,Tidak,Tidak Tepat Waktu
3.41,58.0,20,Tidak,Sedang,Laki-laki,Tidak,Tidak Tepat Waktu
2.95,66.0,7,Ya,Sedang,Laki-laki,Tidak,Tidak Tepat Waktu
2.2,58.0,3,Tidak,Rendah,Laki-laki,Tidak,Tidak Tepat Waktu
2.98,60.0,13,Ya,Sedang,Perempuan,Tidak,Tidak Tepat Waktu
2.95,64.0,20,Ya,Sedang,Laki-laki,Ya,Tidak Tepat Waktu
2.35,73.0,6,Tidak,Sedang,Laki-laki,Tidak,Tidak Tepat Waktu
2.87,87.0,13,Tidak,Rendah,Perempuan,Tidak,Tidak Tepat Waktu
2.8,84.0,28,Ya,Sedang,Perempuan,Tidak,Tidak Tepat Waktu
3.23,79.0,28,Tidak,Sedang,Perempuan,Ya,Tepat Waktu
3.27,80.0,18,Tidak,Sedang,Laki-laki,Ya,Tidak Tepat Waktu
2.09,,30,Tidak,Rendah,Perempuan,Tidak,Tidak Tepat Waktu
2.75,54.0,18,Tidak,Sedang,Laki-laki,Tidak,Tidak Tepat Waktu
3.25,93.0,11,Tidak,Sedang,Laki-laki,Tidak,Tepat Waktu
3.01,99.0,26,Tidak,Sedang,Laki-laki,Ya,Tepat Waktu
3.71,63.0,24,Tidak,Sedang,Perempuan,Tidak,Tidak Tepat Waktu
3.32,,18,Ya,Sedang,Perempuan,Tidak,Tidak Tepat Waktu
2.33,58.0,16,Ya,Tinggi,Perempuan,Ya,Tidak Tepat Waktu
2.14,83.0,13,Ya,Rendah,Perempuan,Ya,Tidak Tepat Waktu
3.28,61.0,17,Tidak,Tinggi,Perempuan,Tidak,Tidak Tepat Waktu
2.05,84.0,25,Ya,Sedang,Laki-laki,Tidak,Tidak Tepat Waktu
3.17,84.0,20,Tidak,Rendah,Laki-laki,Tidak,Tepat Waktu
3.88,50.0,9,Tidak,Rendah,Laki-laki,Tidak,Tidak Tepat Waktu
3.15,89.0,22,Ya,Sedang,Laki-laki,Tidak,Tepat Waktu
2.78,71.0,18,Tidak,Sedang,Perempuan,Ya,Tidak Tepat Waktu
,78.0,24,Tidak,Sedang,Perempuan,Tidak,Tepat Waktu
2.92,57.0,6,Tidak,Sedang,Laki-laki,Tidak,Tidak Tepat Waktu
3.09,60.0,23,Ya,Sedang,Perempuan,Tidak,Tepat Waktu
3.88,90.0,17,Tidak,Sedang,Perempuan,Tidak,Tepat Waktu
2.77,86.0,7,Tidak,Rendah,Laki-laki,Tidak,Tidak Tepat Waktu
3.92,63.0,9,Tidak,Sedang,Laki-laki,Tidak,Tidak Tepat Waktu
3.81,79.0,26,Tidak,Sedang,Perempuan,Tidak,Tepat Waktu
2.39,84.0,19,Tidak,Rendah,Perempuan,Tidak,Tidak Tepat Waktu
2.14,70.0,26,Tidak,Rendah,Laki-laki,Tidak,Tidak Tepat Waktu
2.2,86.0,13,Tidak,Sedang,Laki-laki,Ya,Tidak Tepat Waktu
,54.0,16,Tidak,Sedang,Laki-laki,Ya,Tidak Tepat Waktu
2.19,68.0,28,Ya,Tinggi,Perempuan,Tidak,Tidak Tepat Waktu
3.37,63.0,27,Tidak,Tinggi,Laki-laki,Tidak,Tepat Waktu
,75.0,10,Tidak,Sedang,Laki-laki,Ya,Tidak Tepat Waktu
2.64,53.0,14,Tidak,Sedang,Perempuan,Tidak,Tidak Tepat Waktu
3.69,74.0,27,Ya,Sedang,Perempuan,Ya,Tepat Waktu
,94.0,16,Tidak,Sedang,Perempuan,Tidak,Tidak Tepat Waktu
3.63,91.0,11,Ya,Rendah,Perempuan,Tidak,Tepat Waktu
2.56,74.0,17,Tidak,Sedang,Perempuan,Tidak,Tidak Tepat Waktu
2.24,67.0,8,Ya,Tinggi,Laki-laki,Tidak,Tidak Tepat Waktu
3.39,89.0,18,Tidak,Sedang,Laki-laki,Tidak,Tepat Waktu
3.26,,24,Tidak,Sedang,Perempuan,Ya,Tidak Tepat Waktu
3.75,88.0,27,Ya,Sedang,Perempuan,Tidak,Tepat Waktu
3.47,89.0,22,Tidak,Rendah,Perempuan,Tidak,Tepat Waktu
3.61,63.0,23,Tidak,Sedang,Perempuan,Tidak,Tepat Waktu
2.56,81.0,27,Tidak,Sedang,Perempuan,Tidak,Tidak Tepat Waktu
2.35,100.0,8,Tidak,Rendah,Laki-laki,Ya,Tidak Tepat Waktu
3.5,87.0,15,Tidak,Rendah,Laki-laki,Tidak,Tepat Waktu
3.61,82.0,16,Tidak,Tinggi,Laki-laki,Tidak,Tepat Waktu
3.98,72.0,22,Tidak,Rendah,Laki-laki,Tidak,Tepat Waktu
2.83,64.0,8,Tidak,Sedang,Perempuan,Tidak,Tidak Tepat Waktu
2.74,82.0,10,Ya,Rendah,Laki-laki,Tidak,Tidak Tepat Waktu
3.55,74.0,20,Tidak,Tinggi,Perempuan,Tidak,Tepat Waktu
,66.0,17,Tidak,Rendah,Perempuan,Ya,Tidak Tepat Waktu
3.86,82.0,9,Tidak,Sedang,Perempuan,Ya,Tepat Waktu
3.72,96.0,19,Tidak,Tinggi,Laki-laki,Ya,Tepat Waktu
2.86,51.0,28,Tidak,Tinggi,Perempuan,Tidak,Tidak Tepat Waktu
3.5,63.0,24,Tidak,Rendah,Laki-laki,Tidak,Tepat Waktu
3.51,89.0,30,Ya,Tinggi,Laki-laki,Tidak,Tepat Waktu
2.21,89.0,19,Tidak,Sedang,Perempuan,Ya,Tidak Tepat Waktu
3.81,100.0,21,Ya,Sedang,Perempuan,Tidak,Tepat Waktu
3.01,88.0,8,Ya,Rendah,Perempuan,Tidak,Tidak Tepat Waktu
3.65,100.0,4,Ya,Rendah,Laki-laki,Tidak,Tepat Waktu
2.64,55.0,19,Ya,Sedang,Perempuan,Tidak,Tidak Tepat Waktu
3.79,55.0,28,Tidak,Sedang,Laki-laki,Tidak,Tepat Waktu
,52.0,11,Ya,Sedang,Perempuan,Tidak,Tidak Tepat Waktu
2.02,56.0,8,Tidak,Sedang,Perempuan,Ya,Tidak Tepat Waktu
3.81,100.0,18,Ya,Sedang,Laki-laki,Tidak,Tepat Waktu
2.18,57.0,15,Ya,Rendah,Laki-laki,Ya,Tidak Tepat Waktu
2.64,91.0,25,Ya,Sedang,Laki-laki,Ya,Tepat Waktu
3.9,64.0,4,Ya,Rendah,Laki-laki,Ya,Tepat Waktu
3.9,96.0,13,Tidak,Sedang,Laki-laki,Tidak,Tepat Waktu
3.15,78.0,29,Tidak,Sedang,Laki-laki,Tidak,Tepat Waktu
3.26,82.0,14,Tidak,Tinggi,Perempuan,Tidak,Tepat Waktu
2.9,79.0,3,Tidak,Rendah,Perempuan,Ya,Tidak Tepat Waktu
2.59,88.0,4,Ya,Rendah,Laki-laki,Tidak,Tidak Tepat Waktu
2.66,76.0,6,Tidak,Rendah,Perempuan,Tidak,Tidak Tepat Waktu
3.35,85.0,12,Tidak,Rendah,Laki-laki,Tidak,Tidak Tepat Waktu
3.5,78.0,9,Tidak,Rendah,Perempuan,Tidak,Tepat Waktu
3.58,87.0,27,Ya,Tinggi,Perempuan,Tidak,Tepat Waktu
3.58,,24,Ya,Rendah,Laki-laki,Tidak,Tepat Waktu
2.18,86.0,24,Ya,Rendah,Laki-laki,Tidak,Tidak Tepat Waktu
2.99,76.0,13,Ya,Sedang,Laki-laki,Tidak,Tidak Tepat Waktu
2.12,82.0,8,Tidak,Sedang,Perempuan,Tidak,Tidak Tepat Waktu
3.1,53.0,16,Tidak,Sedang,Laki-laki,Tidak,Tidak Tepat Waktu
2.88,71.0,25,Tidak,Rendah,Perempuan,Tidak,Tidak Tepat Waktu
3.78,51.0,18,Tidak,Sedang,Laki-laki,Ya,Tidak Tepat Waktu
2.7,59.0,5,Tidak,Rendah,Perempuan,Ya,Tidak Tepat Waktu
2.23,54.0,30,Tidak,Rendah,Perempuan,Ya,Tidak Tepat Waktu
2.29,59.0,23,Tidak,Tinggi,Laki-laki,Tidak,Tidak Tepat Waktu
3.52,82.0,26,Ya,Rendah,Perempuan,Tidak,Tepat Waktu
3.24,87.0,14,Ya,Sedang,Perempuan,Ya,Tepat Waktu
2.2,62.0,19,Ya,Sedang,Laki-laki,Tidak,Tidak Tepat Waktu
2.17,80.0,2,Tidak,Sedang,Perempuan,Tidak,Tidak Tepat Waktu
3.4,96.0,17,Tidak,Tinggi,Laki-laki,Ya,Tepat Waktu
2.15,85.0,14,Ya,Rendah,Laki-laki,Tidak,Tidak Tepat Waktu
3.64,94.0,11,Tidak,Sedang,Laki-laki,Tidak,Tepat Waktu
3.41,73.0,13,Ya,Tinggi,Laki-laki,Ya,Tepat Waktu
2.16,64.0,3,Tidak,Sedang,Perempuan,Tidak,Tidak Tepat Waktu
2.17,78.0,24,Ya,Tinggi,Perempuan,Tidak,Tidak Tepat Waktu
3.97,57.0,4,Ya,Rendah,Perempuan,Tidak,Tidak Tepat Waktu
2.75,54.0,11,Tidak,Sedang,Laki-laki,Tidak,Tidak Tepat Waktu
2.74,78.0,3,Ya,Rendah,Perempuan,Tidak,Tidak Tepat Waktu
3.63,96.0,28,Ya,Sedang,Perempuan,Ya,Tepat Waktu
3.89,53.0,24,Ya,Tinggi,Laki-laki,Ya,Tidak Tepat Waktu
3.97,61.0,14,Tidak,Rendah,Laki-laki,Tidak,Tepat Waktu
3.51,94.0,14,Tidak,Sedang,Perempuan,Ya,Tepat Waktu
2.75,51.0,19,Ya,Rendah,Laki-laki,Ya,Tidak Tepat Waktu
2.17,76.0,4,Tidak,Sedang,Laki-laki,Tidak,Tidak Tepat Waktu
,80.0,28,Tidak,Sedang,Laki-laki,Tidak,Tepat Waktu
3.12,100.0,8,Ya,Tinggi,Laki-laki,Tidak,Tepat Waktu
2.85,100.0,15,Tidak,Sedang,Perempuan,Tidak,Tepat Waktu
3.81,85.0,21,Ya,Sedang,Laki-laki,Ya,Tepat Waktu
2.22,85.0,30,Ya,Rendah,Laki-laki,Tidak,Tidak Tepat Waktu
2.99,75.0,18,Tidak,Rendah,Laki-laki,Ya,Tidak Tepat Waktu
2.02,92.0,30,Ya,Rendah,Laki-laki,Tidak,Tidak Tepat Waktu
2.94,76.0,22,Tidak,Rendah,Laki-laki,Tidak,Tidak Tepat Waktu
2.11,54.0,13,Tidak,Tinggi,Laki-laki,Tidak,Tidak Tepat Waktu
2.24,69.0,26,Ya,Sedang,Laki-laki,Tidak,Tidak Tepat Waktu
2.24,60.0,17,Tidak,Sedang,Laki-laki,Tidak,Tidak Tepat Waktu
3.3,59.0,25,Ya,Rendah,Perempuan,Tidak,Tidak Tepat Waktu
3.49,89.0,13,Tidak,Tinggi,Laki-laki,Tidak,Tepat Waktu
3.17,87.0,16,Tidak,Sedang,Perempuan,Tidak,Tepat Waktu
3.92,55.0,26,Tidak,Rendah,Laki-laki,Ya,Tepat Waktu
2.75,57.0,11,Tidak,Sedang,Laki-laki,Tidak,Tidak Tepat Waktu
2.57,72.0,26,Ya,Sedang,Laki-laki,Tidak,Tidak Tepat Waktu
3.74,96.0,8,Tidak,Rendah,Laki-laki,Ya,Tepat Waktu
2.45,75.0,21,Tidak,Sedang,Perempuan,Tidak,Tidak Tepat Waktu
3.93,95.0,6,Tidak,Sedang,Laki-laki,Tidak,Tepat Waktu
2.02,92.0,2,Tidak,Rendah,Laki-laki,Tidak,Tidak Tepat Waktu
3.94,61.0,18,Tidak,Tinggi,Perempuan,Tidak,Tepat Waktu
2.09,75.0,4,Ya,Tinggi,Perempuan,Tidak,Tidak Tepat Waktu
3.78,62.0,14,Ya,Sedang,Laki-laki,Tidak,Tepat Waktu
3.06,89.0,15,Tidak,Sedang,Perempuan,Tidak,Tepat Waktu
3.99,67.0,25,Tidak,Sedang,Perempuan,Ya,Tepat Waktu
2.15,74.0,19,Tidak,Sedang,Perempuan,Tidak,Tidak Tepat Waktu
3.11,82.0,5,Tidak,Sedang,Laki-laki,Tidak,Tidak Tepat Waktu
3.94,96.0,19,Ya,Rendah,Laki-laki,Ya,Tepat Waktu
3.05,89.0,6,Ya,Sedang,Laki-laki,Tidak,Tepat Waktu
3.26,92.0,26,Tidak,Tinggi,Perempuan,Tidak,Tepat Waktu
3.39,61.0,17,Ya,Sedang,Laki-laki,Ya,Tepat Waktu
2.91,93.0,2,Tidak,Rendah,Perempuan,Tidak,Tepat Waktu
3.26,85.0,22,Tidak,Sedang,Laki-laki,Tidak,Tepat Waktu
3.17,97.0,15,Tidak,Rendah,Laki-laki,Tidak,Tepat Waktu
3.8,53.0,16,Ya,Rendah,Perempuan,Ya,Tepat Waktu
2.09,54.0,10,Tidak,Rendah,Laki-laki,Ya,Tidak Tepat Waktu
2.56,86.0,16,Tidak,Sedang,Perempuan,Tidak,Tidak Tepat Waktu
3.9,57.0,18,Tidak,Sedang,Perempuan,Tidak,Tepat Waktu
3.78,91.0,26,Ya,Sedang,Laki-laki,Ya,Tepat Waktu
2.91,98.0,25,Tidak,Rendah,Perempuan,Tidak,Tepat Waktu
3.24,77.0,5,Tidak,Tinggi,Laki-laki,Ya,Tepat Waktu
2.55,80.0,13,Ya,Tinggi,Laki-laki,Tidak,Tidak Tepat Waktu
2.38,58.0,28,Ya,Tinggi,Perempuan,Tidak,Tidak Tepat Waktu
2.93,100.0,27,Ya,Rendah,Laki-laki,Tidak,Tepat Waktu
2.71,78.0,6,Tidak,Sedang,Perempuan,Ya,Tidak Tepat Waktu
3.17,63.0,30,Tidak,Tinggi,Laki-laki,Tidak,Tepat Waktu
2.16,89.0,6,Tidak,Sedang,Laki-laki,Ya,Tidak Tepat Waktu
3.95,90.0,12,Ya,Rendah,Laki-laki,Tidak,Tepat Waktu
3.97,71.0,29,Ya,Rendah,Laki-laki,Tidak,Tepat Waktu
